"termYear","xuenian","studentNo","avgScore","stdScore","maxScore","minScore","fails","lt60","gt60lt80","gt80lt90","gt90"
"2017","2018-2019","201743070210","66.0000","17.029386365926403","89","40","高等数学,高等数学（补）","2","2","1","0"
"2017","2018-2019","201743070133","76.3333","12.516655570345726","100","50","高等数学C,线性代数","2","10","6","3"
"2018","2018-2019","201844070128","78.6667","10.58090523327544","96","60","","0","8","6","3"
"2018","2018-2019","201844070132","75.9333","11.25739263279419","93","62","","0","9","5","2"
"2018","2018-2019","201844070112","78.4667","10.00577610960567","95","60","","0","8","5","3"
"2018","2018-2019","201844070120","81.8000","10.406408282079523","97","66","","0","6","6","5"
"2018","2018-2019","201844070111","83.7333","7.370813312578801","95","71","","0","5","8","3"
"2018","2018-2019","201844070122","82.2000","6.910861017268398","94","70","","0","5","9","2"
"2018","2018-2019","201844070118","87.0667","6.413180871368661","94","70","","0","2","7","7"
"2018","2018-2019","201844070121","76.3333","11.434839550931862","93","51","宏观经济学B","1","7","6","2"
"2018","2018-2019","201844070127","79.8000","7.756287771866128","92","66","","0","8","6","2"
"2018","2018-2019","201844070114","78.9333","9.483084355255356","93","62","","0","8","5","4"
"2018","2018-2019","201844070110","81.4000","9.776161482572459","95","62","","0","7","6","4"
"2018","2018-2019","201844070107","85.8667","6.280835047100736","94","70","","0","3","10","6"
"2018","2018-2019","201844070124","78.7333","10.188010382579886","94","60","","0","8","5","3"
"2018","2018-2019","201844070109","87.2667","6.308371862497926","96","75","","0","4","5","8"
"2018","2018-2019","201844070115","85.6667","8.113089560840693","97","68","","0","3","9","6"
"2018","2018-2019","201844070101","86.8667","6.259570450296267","95","73","","0","3","8","7"
"2018","2018-2019","201846070319","82.1250","5.633327169621873","90","71","","0","6","12","1"
"2018","2018-2019","201846070336","82.0000","8.923284148787374","97","60","","0","6","10","2"
"2018","2018-2019","201846070104","83.5000","7.305819598101229","96","68","","0","5","11","4"
"2018","2018-2019","201846070122","80.4375","8.978924977412385","90","60","","0","6","12","1"
"2018","2018-2019","201846070113","84.6250","6.4116593016160826","95","72","","0","4","10","4"
"2018","2018-2019","201846070108","83.1250","7.736884062721892","98","67","","0","7","9","3"
"2018","2018-2019","201846070106","80.6250","7.622950544244664","91","68","","0","7","8","3"
"2018","2018-2019","201846070133","80.1250","9.109576005501024","91","61","","0","7","8","2"
"2018","2018-2019","201844070130","82.9333","9.132116707289475","94","69","","0","6","5","6"
"2018","2018-2019","201846070136","84.8750","7.279036680770334","96","67","","0","6","22","10"
"2018","2018-2019","201844070104","77.7500","9.6663074645906","92","56","大学英语（一）","1","9","4","3"
"2018","2018-2019","201846070123","86.0625","7.343949465376243","96","72","","0","4","7","7"
"2018","2018-2019","201845070125","77.2667","10.541768774209045","93","60","","0","9","5","3"
"2018","2018-2019","201846070134","82.0000","8.031189202104505","92","60","","0","7","7","3"
"2018","2018-2019","201846070137","86.7500","4.8541219597369","92","75","","0","2","10","6"
"2018","2018-2019","201842070230","83.6250","7.920503456220438","93","68","","0","4","8","5"
"2018","2018-2019","201845070117","76.6250","9.346623721965061","91","64","","0","11","5","2"
"2018","2018-2019","201841070120","86.5625","8.313909654909656","98","63","","0","4","7","7"
"2018","2018-2019","201841070139","77.3750","7.999023377888078","90","64","","0","11","6","1"
"2018","2018-2019","201856110108","82.2500","8.884677821958432","95","66","","0","7","6","7"
"2018","2018-2019","201844070125","87.8000","8.360223282504682","100","70","","0","4","5","8"
"2018","2018-2019","201845070101","84.8000","6.74487459730226","97","72","","0","5","9","4"
"2018","2018-2019","201846070313","85.3125","9.563725411679279","99","65","","0","4","8","7"
"2018","2018-2019","201841070140","82.2941","14.157786076021718","98","43","政治经济学","1","5","6","7"
"2018","2018-2019","201842070232","84.3125","6.516505486071503","96","72","","0","5","11","4"
"2018","2018-2019","201845070224","81.8125","8.263010574239877","92","66","","0","7","6","4"
"2018","2018-2019","201842070150","81.5000","11.456439237389597","95","60","","0","5","10","4"
"2018","2018-2019","201843070108","83.7333","7.6373351955304996","98","68","","0","3","10","4"
"2018","2018-2019","201842070337","80.1875","9.919795549808473","91","61","","0","7","8","5"
"2018","2018-2019","201845070134","64.7778","21.516287256028875","93","20","管理学原理A,高等数学C（一）,大学英语（一）,高等数学C（一）（补),大学英语（一）（补）,大学英语（二）","6","7","5","2"
"2018","2018-2019","201843070117","86.8000","8.642530493630515","98","67","","0","2","9","6"
"2018","2018-2019","201842070212","85.5625","6.214587174543453","96","72","","0","4","12","5"
"2018","2018-2019","201842070227","82.3125","7.847919708432293","94","69","","0","7","7","3"
"2018","2018-2019","201842070204","84.2500","8.212033852828421","96","67","","0","4","9","7"
"2018","2018-2019","201842070228","76.5625","9.8550034880765","90","60","","0","10","6","2"
"2018","2018-2019","201844070103","84.4667","7.727584069782456","95","70","","0","4","7","7"
"2018","2018-2019","201843070230","76.8000","11.507678595905723","90","43","概率论与数理统计A","1","8","7","1"
"2018","2018-2019","201842070211","90.9375","5.067898356320893","98","79","","0","1","7","12"
"2018","2018-2019","201843070229","74.4000","10.625754875144947","90","48","概率论与数理统计A","1","9","6","1"
"2018","2018-2019","201842070241","77.5313","9.440552072707401","94","62","","0","18","16","4"
"2018","2018-2019","201842070133","86.5625","6.604626692705651","93","70","","0","2","10","8"
"2018","2018-2019","201843070225","80.6667","6.51835016617617","93","71","","0","8","7","2"
"2018","2018-2019","201846070111","80.6875","10.40864274293243","98","60","","0","7","7","3"
"2018","2018-2019","201808020605","84.0000","8.284020762890444","99","73","","0","8","3","6"
"2018","2018-2019","201844070126","85.6000","6.721111019268564","97","74","","0","4","8","6"
"2018","2018-2019","201842070219","76.1250","13.9367993097411","91","33","线性代数","1","8","7","2"
"2018","2018-2019","201844070224","84.1333","8.546864272286584","99","69","","0","4","9","4"
"2018","2018-2019","201845070102","80.8750","7.728801653555356","92","68","","0","7","8","5"
"2018","2018-2019","201840070213","85.6000","6.983790756697491","98","72","","0","4","6","6"
"2018","2018-2019","201843070116","84.4667","8.97304605780866","96","70","","0","5","6","5"
"2018","2018-2019","201840070205","88.8000","4.445222154178573","97","82","","0","0","9","7"
"2018","2018-2019","201843070112","81.4000","4.8","90","74","","0","7","11","1"
"2018","2018-2019","201846070218","80.7333","8.504639256834407","93","65","","0","7","8","3"
"2018","2018-2019","201841070116","88.2500","9.148087231765993","98","68","","0","3","5","10"
"2018","2018-2019","201843070124","88.5333","6.458758050550859","100","77","","0","2","6","8"
"2018","2018-2019","201846070224","81.1333","9.23664200646293","90","60","","0","5","10","2"
"2018","2018-2019","201841070108","82.2500","8.540345426269361","94","66","","0","6","8","4"
"2018","2018-2019","201843070208","77.8667","9.047037575299933","90","60","","0","8","7","1"
"2018","2018-2019","201846070222","87.4667","4.828618389928485","97","78","","0","2","11","7"
"2018","2018-2019","201843070113","73.7333","11.61875877861123","90","50","概率论与数理统计A","1","9","5","1"
"2018","2018-2019","201842070207","73.3333","14.355796351609648","90","35","线性代数","1","8","6","2"
"2018","2018-2019","201840070220","84.2000","8.885943956609223","93","63","","0","3","8","6"
"2018","2018-2019","201843070233","71.1333","10.216761826636768","90","60","","0","11","4","1"
"2018","2018-2019","201846070203","85.0000","6.5523532668296625","95","72","","0","4","9","5"
"2018","2018-2019","201844070211","82.0625","9.35059322984376","96","64","","0","8","4","5"
"2018","2018-2019","201821031033","86.0000","6.698880503487132","97","74","","0","2","10","7"
"2018","2018-2019","201846070212","85.0625","5.87865577747158","92","72","","0","4","9","4"
"2018","2018-2019","201842070226","77.6250","12.28756993876332","91","43","线性代数","1","7","6","3"
"2018","2018-2019","201842070214","68.5882","24.218512179321234","95","0","管理会计MA,计算机基础与Excel数据分析,管理会计,管理学原理（补考）,高等数学C（一）（补考）","5","21","7","5"
"2018","2018-2019","201846070219","85.1875","6.366108996082299","94","70","","0","4","10","5"
"2018","2018-2019","201846070118","87.3125","7.480965429007141","98","68","","0","2","9","7"
"2018","2018-2019","201841070111","85.3750","9.22547424255252","100","62","","0","5","6","7"
"2018","2018-2019","201844070219","73.8667","9.287027990099359","92","60","","0","11","3","2"
"2018","2018-2019","201843070207","73.0667","18.071954945593337","90","17","微观经济学A,概率论与数理统计A","2","7","6","2"
"2018","2018-2019","201843070115","87.9375","5.673058588627482","96","78","","0","3","7","9"
"2018","2018-2019","201841070115","84.7500","7.163274390947201","98","74","","0","5","8","5"
"2018","2018-2019","201844070221","75.6667","10.182774125398684","95","60","","0","11","6","2"
"2018","2018-2019","201846070114","90.3125","5.264488935309864","100","82","","0","0","9","8"
"2018","2018-2019","201842070138","78.3125","10.704664579051506","90","60","","0","7","9","3"
"2018","2018-2019","201845070108","76.0625","9.430460951088236","93","55","高等数学C（二）","1","11","5","2"
"2018","2018-2019","201843070204","70.9333","20.830959864799535","90","0","计算机基础与Excel数据分析（补）","1","9","5","1"
"2018","2018-2019","201842070332","82.1250","8.816709987291176","94","60","","0","7","8","5"
"2018","2018-2019","201842070235","84.6250","8.092241654819755","97","69","","0","4","8","5"
"2018","2018-2019","201846070321","87.3750","7.087621251167418","95","66","","0","4","18","16"
"2018","2018-2019","201842070240","79.2500","8.863548950617922","92","63","","0","7","7","3"
"2018","2018-2019","201846070303","83.1250","7.590083991630132","99","70","","0","5","9","3"
"2018","2018-2019","201841070125","85.5625","9.096487989878293","98","61","","0","4","7","7"
"2018","2018-2019","201846070316","79.8750","7.465545860819556","90","67","","0","6","10","1"
"2018","2018-2019","201843070201","68.1250","17.902077393420015","90","15","大学英语（一）,概率论与数理统计A","2","10","5","1"
"2018","2018-2019","201846070116","79.6250","9.499177595981664","95","61","","0","8","7","2"
"2018","2018-2019","201845070225","81.1875","10.03256416625381","96","63","","0","6","8","4"
"2018","2018-2019","201852030203","83.2941","9.503960201703864","96","58","会计师与企业","1","6","8","6"
"2018","2018-2019","201842070140","74.8235","14.08058861619594","90","47","高等数学C（一）,高等数学C（一）（补）,微观经济学B","3","6","8","4"
"2018","2018-2019","201841070127","85.1875","6.136150564482591","93","72","","0","4","10","6"
"2018","2018-2019","201840070115","86.8125","8.449990754432811","98","69","","0","2","8","7"
"2018","2018-2019","201846070237","76.1333","13.593462480995127","94","47","线性代数","1","6","7","2"
"2018","2018-2019","201842070347","90.2941","4.183506914516365","96","81","","0","0","6","12"
"2018","2018-2019","201842070131","80.1250","11.65587298317891","98","60","","0","6","9","4"
"2018","2018-2019","201841070207","86.5333","7.446401069569707","100","72","","0","2","9","5"
"2018","2018-2019","201842070132","83.4375","9.048264681694496","94","65","","0","6","6","7"
"2018","2018-2019","201846070233","79.8000","7.129282338823922","90","66","","0","6","9","1"
"2018","2018-2019","201842070316","64.1579","33.49039635775375","90","0","大学英语（二）,线性代数,大学英语（一）（补）,高等数学C（一）（补）","4","8","10","2"
"2018","2018-2019","201846070235","64.8750","21.251102912554916","90","0","大学英语（一）,高等数学C（一）,大学英语（二）,高等数学C（二）,市场营销学B","5","8","4","1"
"2018","2018-2019","201842070341","84.7647","8.53042590319882","99","65","","0","4","8","6"
"2018","2018-2019","201844070226","63.5625","21.315982120230817","94","0","微观经济学B,高等数学C（二）,宏观经济学B","3","11","1","2"
"2018","2018-2019","201840070212","67.3750","26.79289784625769","90","0","高等数学C(一),高等数学C(一)(补)","2","8","7","1"
"2018","2018-2019","201840070209","85.2000","4.2770706486254495","93","78","","0","3","11","3"
"2018","2018-2019","201842070303","84.1765","9.948309310203816","98","60","","0","5","8","6"
"2018","2018-2019","201841070118","87.1875","6.559523134344446","96","75","","0","3","7","9"
"2018","2018-2019","201845070114","88.4000","7.172168430816444","100","70","","0","2","8","7"
"2018","2018-2019","201842070334","78.7500","8.764274071479054","91","61","","0","8","7","2"
"2018","2018-2019","201841070138","85.6875","7.919270405157284","99","71","","0","5","7","7"
"2018","2018-2019","201844070228","77.7333","10.023084466481475","93","60","","0","8","6","3"
"2018","2018-2019","201841070215","87.8000","7.529497548530929","96","69","","0","3","5","9"
"2018","2018-2019","201841070107","84.5625","7.5163883448102915","96","68","","0","4","10","6"
"2018","2018-2019","201842070342","65.6842","28.02452428175787","96","0","管理学原理A,大学英语（二）,微观经济学B,大学英语（一）（补）,高等数学C（一）（补）","5","6","6","3"
"2018","2018-2019","201840070227","80.0000","7.042726744663603","90","65","","0","7","9","2"
"2018","2018-2019","201841070223","86.8000","6.23110477095889","96","76","","0","4","8","6"
"2018","2018-2019","201840070223","79.5333","6.701906859659835","92","64","","0","10","4","2"
"2018","2018-2019","201840070216","72.3333","20.92101548417019","93","0","高等数学C(二)","1","10","5","2"
"2018","2018-2019","201840070218","84.0000","6.918574034197123","94","70","","0","3","9","4"
"2018","2018-2019","201842070344","81.8824","10.883783689730528","93","60","","0","7","6","7"
"2018","2018-2019","201841070106","85.1250","6.293597937587052","94","70","","0","4","11","5"
"2018","2018-2019","201841070142","82.0000","8.077747210701757","92","64","","0","6","9","3"
"2018","2018-2019","201846070119","79.7500","8.540345426269361","91","65","","0","8","7","3"
"2018","2018-2019","201840070225","69.9333","17.10932169575664","90","23","微观经济学B,高等数学C(二)","2","7","6","1"
"2018","2018-2019","201842070312","77.5263","27.377225304511068","96","0","大学英语（一）（补）,高等数学C（一）（补）","2","4","7","7"
"2018","2018-2019","201842070251","70.8889","12.507281829615582","92","48","大学英语（一）,管理学原理A,大学英语（二）","3","11","4","2"
"2018","2018-2019","201841070219","83.9375","7.652358705000701","96","69","","0","5","9","4"
"2018","2018-2019","201841070236","76.0000","12.105095345900146","92","47","概率论与数理统计A","1","8","5","2"
"2018","2018-2019","201840070211","81.2667","5.638754787677467","91","74","","0","8","9","3"
"2018","2018-2019","201842070136","84.3125","9.465191162887308","92","60","","0","3","8","6"
"2018","2018-2019","201842070345","85.1875","6.728844161518379","94","72","","0","4","9","7"
"2018","2018-2019","201842070205","82.1250","8.837950837156766","92","65","","0","5","9","4"
"2018","2018-2019","201846070335","86.9375","7.91729712401903","100","71","","0","4","8","7"
"2018","2018-2019","201840070215","80.4667","6.291440393282149","90","70","","0","6","9","2"
"2018","2018-2019","201846070334","81.8750","10.787000278112538","95","63","","0","7","5","5"
"2018","2018-2019","201842070225","80.8824","7.20197973551208","90","60","","0","6","11","1"
"2018","2018-2019","201841070114","85.3750","6.9450971915445505","95","72","","0","4","10","6"
"2018","2018-2019","201843070133","80.6667","8.964126034118193","95","62","","0","6","9","2"
"2018","2018-2019","201846070112","77.3125","10.468516788447154","91","60","","0","9","7","2"
"2018","2018-2019","201840070210","85.7333","4.218477871881698","93","79","","0","2","11","4"
"2018","2018-2019","201844070106","81.2667","7.567180599286778","93","69","","0","6","8","2"
"2018","2018-2019","201842070203","84.8750","6.89089072616886","95","68","","0","4","11","5"
"2018","2018-2019","201842070237","87.5000","7.582875444051549","98","72","","0","4","5","8"
"2018","2018-2019","201846070314","84.5000","8.937281465859739","95","66","","0","4","8","6"
"2018","2018-2019","201845070115","68.4706","20.41083232317015","93","33","高等数学C（一）,大学英语（一）,大学英语（一）（补）,大学英语（二）,高等数学C（二）","5","7","8","2"
"2018","2018-2019","201846070337","84.6250","8.702549913674726","99","67","","0","4","10","5"
"2018","2018-2019","201854080136","85.2353","9.459072282359754","100","67","","0","5","10","6"
"2018","2018-2019","201842070239","79.4375","8.866853655609752","92","61","","0","7","8","3"
"2018","2018-2019","201842070123","86.4118","6.278430147824157","100","77","","0","4","10","6"
"2018","2018-2019","201842070325","87.1176","7.583902091552608","96","70","","0","4","4","10"
"2018","2018-2019","201846070315","77.9375","7.964520936628895","90","63","","0","9","7","2"
"2018","2018-2019","201844070119","79.4000","10.89219904335208","96","63","","0","7","5","4"
"2018","2018-2019","201841070210","80.5333","7.5442398924978225","90","65","","0","7","11","1"
"2018","2018-2019","201846070110","86.5625","7.841944513320659","100","66","","0","2","12","5"
"2018","2018-2019","201845070133","70.0588","15.042960394797504","93","40","管理学原理A,高等数学C（一）,高等数学C（一）（补),大学英语（二）","4","9","3","3"
"2018","2018-2019","201841070241","79.5333","8.724422935389802","92","61","","0","8","7","3"
"2018","2018-2019","201842070351","78.6875","12.184615043159958","92","48","微观经济学B","1","5","9","3"
"2018","2018-2019","201842070307","86.5882","7.187070282024126","100","75","","0","5","8","7"
"2018","2018-2019","201842070343","85.0588","8.714224937593464","94","64","","0","4","8","7"
"2018","2018-2019","201842070333","80.4706","9.653512905605146","94","61","","0","7","8","3"
"2018","2018-2019","201846070338","74.6875","8.744417862270764","90","60","","0","11","6","1"
"2018","2018-2019","201844070225","79.0667","11.072287729080905","93","62","","0","8","4","4"
"2018","2018-2019","201842070322","87.7647","6.34803732303704","97","76","","0","4","8","8"
"2018","2018-2019","201841070237","87.2667","7.698196036879174","100","72","","0","3","7","7"
"2018","2018-2019","201841070225","78.4667","7.83042499201388","90","65","","0","9","8","2"
"2018","2018-2019","201846070302","78.1875","9.388947957572244","96","60","","0","8","7","2"
"2018","2018-2019","201842070109","84.5625","7.407502531217927","95","69","","0","4","10","5"
"2018","2018-2019","201843070101","78.0000","8.471405189362207","90","60","","0","10","7","1"
"2018","2018-2019","201841070144","75.3125","9.432117670491607","90","61","","0","11","6","2"
"2018","2018-2019","201842070229","81.0625","10.304542384308","90","61","","0","5","11","4"
"2018","2018-2019","201842070206","74.8750","10.740548170368212","95","58","高等数学C（二）","1","10","4","3"
"2018","2018-2019","201864100101","82.2941","10.368304109342391","96","60","","0","6","7","5"
"2018","2018-2019","201846070215","87.0000","6.855654600401046","100","69","","0","3","10","7"
"2018","2018-2019","201842070338","82.8750","9.39996675526036","95","60","","0","6","8","4"
"2018","2018-2019","201845070131","81.0667","8.559335384375485","95","67","","0","8","5","4"
"2018","2018-2019","201845070116","71.9333","13.873075442100872","90","35","高等数学C（二）","1","9","6","1"
"2018","2018-2019","201841070205","85.4667","9.401181958787003","97","66","","0","4","4","9"
"2018","2018-2019","201841070211","88.4000","6.641285016219877","98","77","","0","3","7","7"
"2018","2018-2019","201808020144","57.1429","26.578340114937692","90","0","高等数学B（一）,大学英语（二）,微观经济学A,高等数学B(二）,高等数学B（一）（补）,大学英语（二）（补）,微观经济学A（补）,高等数学B（二）（补）","8","9","4","2"
"2018","2018-2019","201861120122","79.3529","8.245791628750691","94","62","","0","9","7","2"
"2018","2018-2019","201842070209","80.8750","9.459618121256268","95","61","","0","5","9","3"
"2018","2018-2019","201843070221","86.3333","8.170407306588546","97","67","","0","2","8","6"
"2018","2018-2019","201841070204","83.0667","9.433745574031322","100","67","","0","6","8","5"
"2018","2018-2019","201846070135","77.1250","10.781204710049801","92","60","","0","9","6","3"
"2018","2018-2019","201843070134","83.4000","8.965117586140929","94","66","","0","5","6","5"
"2018","2018-2019","201840070113","80.5333","7.649546101276571","90","61","","0","8","9","2"
"2018","2018-2019","201840070114","82.8667","6.130434097372082","91","71","","0","6","10","4"
"2018","2018-2019","201842070220","85.6875","8.266791623719566","97","68","","0","3","10","5"
"2018","2018-2019","201846070117","88.1875","4.977684577190483","97","79","","0","2","10","7"
"2018","2018-2019","201846070309","86.8750","6.594268344554987","98","75","","0","3","8","6"
"2018","2018-2019","201845070232","70.5882","13.932859271307107","93","47","管理学原理A,大学英语（二）,管理学原理A（补）","3","9","5","3"
"2018","2018-2019","201840070110","87.0667","5.926962872238097","95","76","","0","3","8","7"
"2018","2018-2019","201819040430","83.4375","7.825988356111963","95","67","","0","6","9","4"
"2018","2018-2019","201846070332","76.8235","9.281450787442834","90","60","","0","10","9","2"
"2018","2018-2019","201841070224","76.8421","9.815471985834872","91","47","大学英语（二）","1","14","12","2"
"2018","2018-2019","201842070331","81.2500","10.491067629178646","92","50","微观经济学B","1","6","6","5"
"2018","2018-2019","201842070327","89.4118","7.799387785396338","100","72","","0","2","6","10"
"2018","2018-2019","201864100202","77.8824","10.576791201055574","95","60","","0","9","8","2"
"2018","2018-2019","201842070201","73.4375","15.091258852395319","90","34","高等数学C（二）","1","9","6","3"
"2018","2018-2019","201840070104","76.5000","9.766012492312305","90","50","大学英语（一）","1","10","10","1"
"2018","2018-2019","201842070313","87.1176","5.411125281917707","100","78","","0","3","12","7"
"2018","2018-2019","201841070235","80.6000","11.170198446461608","95","61","","0","6","5","6"
"2018","2018-2019","201841070141","72.5625","12.19615077596206","92","46","微观经济学B,管理会计","2","10","3","2"
"2018","2018-2019","201842070202","82.0000","9.055385138137417","96","64","","0","7","6","5"
"2018","2018-2019","201846070210","85.4375","5.999674470335869","97","72","","0","4","11","5"
"2018","2018-2019","201842070252","73.0000","16.15162530521309","94","32","高等数学C（二）,微观经济学B","2","7","7","2"
"2018","2018-2019","201842070223","79.6250","11.671948209275088","94","56","微观经济学B","1","8","2","6"
"2018","2018-2019","201842070249","79.8125","9.14616552168175","92","63","","0","7","7","3"
"2018","2018-2019","201845070122","75.2000","11.617228585166083","93","54","高等数学C（二）","1","9","4","3"
"2018","2018-2019","201840070107","74.9375","11.07061848994897","90","55","高等数学C（一）","1","8","8","1"
"2018","2018-2019","201854080101","76.6667","12.02774570177915","90","48","大学英语（二）,大学英语（二）（补）","2","6","10","2"
"2018","2018-2019","201843070218","80.2000","7.993330553238325","95","65","","0","7","8","2"
"2018","2018-2019","201840070129","75.0000","10.385887861259942","90","49","大学英语（二）","1","9","7","1"
"2018","2018-2019","201845070123","68.1875","16.340971322109347","93","34","高等数学C（一）,高等数学C（一）（补),大学英语（二）,高等数学C（二）","4","8","4","2"
"2018","2018-2019","201842070346","73.1176","16.764396281970967","92","29","线性代数,微观经济学B","2","11","8","2"
"2018","2018-2019","201819040302","72.8889","19.263923936521834","96","1","微观经济学A（补）","1","12","4","2"
"2018","2018-2019","201844070222","74.7500","10.836858400846621","90","55","大学英语（一）,大学英语（二）","2","8","8","2"
"2018","2018-2019","201824050806","77.8235","10.14155861160721","95","58","会计师与企业","1","8","7","2"
"2018","2018-2019","201842070244","77.8235","8.219312223392267","90","62","","0","10","8","1"
"2018","2018-2019","201841070206","82.5625","7.9684436215612395","92","64","","0","4","10","4"
"2018","2018-2019","201846070105","84.4375","7.857868270084451","97","64","","0","3","12","5"
"2018","2018-2019","201840070126","74.9333","12.487148949575676","91","46","高等数学C（二）","1","8","6","2"
"2018","2018-2019","201843070206","62.5000","20.73041244162788","90","20","微观经济学A,高等数学C(一),高等数学C一（补）,高等数学C（二）,概率论与数理统计A","5","7","4","1"
"2018","2018-2019","201840070128","78.0000","10.4626319187223","93","53","大学英语（二）","1","7","6","3"
"2018","2018-2019","201842070336","80.3529","8.764508485736085","91","63","","0","8","8","4"
"2018","2018-2019","201860130126","77.2353","9.097701143144098","92","62","","0","9","7","2"
"2018","2018-2019","201847100215","87.2500","7.70146090037468","100","74","","0","4","8","6"
"2018","2018-2019","201843070210","71.0667","14.712655172409304","90","33","微观经济学A,概率论与数理统计A","2","9","4","2"
"2018","2018-2019","201846070214","83.8125","7.88367577656514","99","71","","0","6","7","5"
"2018","2018-2019","201846070101","82.2353","10.355614628077829","96","63","","0","6","8","6"
"2018","2018-2019","201843070209","75.4667","8.823201736835042","90","60","","0","10","5","1"
"2018","2018-2019","201842070315","73.3889","14.31447941727726","93","41","高等数学C(一),线性代数","2","11","4","4"
"2018","2018-2019","201842070105","75.2353","9.129972693501498","90","60","","0","12","6","1"
"2018","2018-2019","201842070309","88.4706","5.595351506161934","98","77","","0","2","11","7"
"2018","2018-2019","201843070211","77.1250","8.410373059502176","90","56","大学英语（一）","1","8","8","1"
"2018","2018-2019","201842070320","81.4706","7.7771735910769","97","70","","0","10","8","4"
"2018","2018-2019","201842070329","85.9412","6.244720953924807","95","73","","0","3","10","7"
"2018","2018-2019","201843070228","75.5333","8.245133244661497","91","64","","0","11","5","2"
"2018","2018-2019","201846070120","81.0625","9.33721552444839","90","61","","0","7","11","4"
"2018","2018-2019","201843070231","64.2857","24.335243611532906","90","0","微观经济学A,大学生心理健康,概率论与数理统计A","3","7","4","1"
"2018","2018-2019","201843070223","81.8000","6.939740629158986","91","69","","0","6","8","3"
"2018","2018-2019","201844070202","81.1333","7.948724565754073","92","65","","0","7","8","3"
"2018","2018-2019","201835090102","77.0625","10.957125250265237","93","60","","0","9","6","4"
"2018","2018-2019","201843070202","73.9333","13.203366574055606","97","51","微观经济学A,概率论与数理统计A","2","9","3","3"
"2018","2018-2019","201842070321","91.7059","5.685530715383653","100","81","","0","0","8","12"
"2018","2018-2019","201843070226","80.7333","8.00388794413204","94","66","","0","8","7","3"
"2018","2018-2019","201847100212","82.5000","9.759610647971567","96","64","","0","8","6","7"
"2018","2018-2019","201843070216","76.5882","8.711444963747484","91","62","","0","11","5","2"
"2018","2018-2019","201842070248","70.8421","12.145014822615545","90","49","大学英语（二）,财政学B,大学英语（二）（补）,财政学B（补）","4","9","6","1"
"2018","2018-2019","201846070124","82.7647","9.795133315999363","99","63","","0","7","6","6"
"2018","2018-2019","201844070217","74.8000","9.224604779248448","91","62","","0","10","4","2"
"2018","2018-2019","201840070206","82.5333","6.671997868371629","94","72","","0","5","9","3"
"2018","2018-2019","201840070203","85.4000","6.926278462012145","96","74","","0","5","6","6"
"2018","2018-2019","201843070235","82.5333","10.812749675986934","100","61","","0","6","10","3"
"2018","2018-2019","201843070110","70.4667","21.847552621645185","95","0","微观经济学A,产业经济学","2","8","4","3"
"2018","2018-2019","201844070212","73.5294","11.44869705948505","91","47","中国近现代史纲要,微观经济学B","2","10","4","2"
"2018","2018-2019","201841070227","79.7333","8.070247139269583","92","66","","0","8","6","3"
"2018","2018-2019","201845070106","74.4667","12.831558318804808","95","55","大学英语（二）,高等数学C（二）","2","7","5","3"
"2018","2018-2019","201841070243","69.1250","15.659960887562903","90","30","高等数学C(一）,高等数学C（二）,高等数学C（一）（补考）","3","9","5","2"
"2018","2018-2019","201863120228","68.0000","17.97220075561143","90","32","高等数学C（一）,高等数学C(二),管理会计MA","3","9","4","3"
"2018","2018-2019","201844070203","76.4000","8.428523002282192","90","62","","0","11","5","2"
"2018","2018-2019","201842070328","88.5294","6.278981249879008","97","75","","0","2","7","9"
"2018","2018-2019","201823060106","89.1250","6.273705045664803","99","76","","0","2","9","10"
"2018","2018-2019","201833090318","85.9375","7.964520936628895","95","67","","0","3","10","6"
"2018","2018-2019","201840070121","77.1333","9.979089248133931","90","52","大学英语（二）","1","7","8","2"
"2018","2018-2019","201842070215","79.9412","9.782761478505373","98","62","","0","8","7","3"
"2018","2018-2019","201845070105","80.0000","9.165151389911678","93","60","","0","9","7","2"
"2018","2018-2019","201842070208","77.1667","9.872802146413255","91","57","财政学B,财政学B（补）","2","10","6","2"
"2018","2018-2019","201841070112","76.5625","11.874177603101613","90","43","概率论与数理统计A","1","9","6","2"
"2018","2018-2019","201842070238","84.5000","6.809919235938119","94","67","","0","4","10","4"
"2018","2018-2019","201844070213","82.9333","7.928569998569869","95","71","","0","7","5","5"
"2018","2018-2019","201842070111","81.2500","9.76921184128996","93","60","","0","6","6","5"
"2018","2018-2019","201842070306","78.5882","10.295966220575167","95","61","","0","9","6","3"
"2018","2018-2019","201844070113","78.7333","7.61985709985576","92","68","","0","9","6","2"
"2018","2018-2019","201842070146","78.3750","6.460214779711272","90","64","","0","13","12","1"
"2018","2018-2019","201839160313","83.6875","8.772960945427716","95","65","","0","5","7","7"
"2018","2018-2019","201842070121","81.5625","7.9684436215612395","96","67","","0","7","9","2"
"2018","2018-2019","201842070112","85.8750","7.6882621573408905","96","71","","0","5","7","8"
"2018","2018-2019","201842070302","84.8824","5.95949418443009","97","74","","0","4","12","4"
"2018","2018-2019","201842070129","83.3125","6.62116634362859","94","64","","0","3","12","2"
"2018","2018-2019","201844070205","84.4000","8.56971411425142","95","66","","0","3","8","5"
"2018","2018-2019","201842070113","85.3125","8.483209519397713","93","60","","0","3","9","6"
"2018","2018-2019","201845070118","82.6667","8.339997335464536","95","67","","0","6","7","3"
"2018","2018-2019","201844070201","74.7059","8.655258217389507","90","62","","0","12","6","1"
"2018","2018-2019","201845070127","83.0667","5.446303537466697","93","72","","0","5","9","2"
"2018","2018-2019","201860130213","86.5294","6.996786212329059","98","76","","0","3","9","6"
"2018","2018-2019","201846070311","77.6250","10.752180011513945","90","60","","0","8","8","3"
"2018","2018-2019","201845070111","85.0000","7.983315935958774","93","67","","0","5","7","7"
"2018","2018-2019","201808020545","73.0588","9.440031083169753","90","60","","0","14","4","2"
"2018","2018-2019","201841070221","85.6667","10.409397463616978","100","61","","0","4","8","8"
"2018","2018-2019","201844070216","79.8667","7.8133788394579256","91","65","","0","7","8","2"
"2018","2018-2019","201860130106","88.8125","6.912115721687535","97","74","","0","2","6","10"
"2018","2018-2019","201846070308","78.1250","9.272776013686517","90","64","","0","9","8","3"
"2018","2018-2019","201845070103","79.8000","8.98294680677412","93","60","","0","6","9","2"
"2018","2018-2019","201842070124","87.6250","6.183395103015819","99","76","","0","2","11","7"
"2018","2018-2019","201844070214","84.9333","5.859086011391956","95","73","","0","3","10","4"
"2018","2018-2019","201846070236","77.5000","8.986100377805714","90","60","","0","10","7","3"
"2018","2018-2019","201842070301","73.3684","27.764442474646916","96","0","大学英语（一）（补）,高等数学C（一）（补）","2","5","7","8"
"2018","2018-2019","201835090108","82.3125","9.432117670491607","96","64","","0","7","6","5"
"2018","2018-2019","201844070209","80.4667","7.898241717130605","95","71","","0","8","7","3"
"2018","2018-2019","201841070203","80.0000","7.384668803225594","92","69","","0","8","7","2"
"2018","2018-2019","201841070230","75.8667","9.01011776960891","91","61","","0","11","4","2"
"2018","2018-2019","201842070318","90.6471","5.346149537647888","99","76","","0","1","7","10"
"2018","2018-2019","201843070130","81.3125","10.072975913303873","93","54","管理会计","1","3","12","4"
"2018","2018-2019","201846070103","85.3750","6.527585694573456","96","73","","0","5","8","5"
"2018","2018-2019","201841070232","68.4000","17.568153004798198","90","20","微观经济学A,概率论与数理统计A,高等数学C（二）","3","9","4","1"
"2018","2018-2019","201842070117","90.8750","5.072905971925756","100","80","","0","1","7","12"
"2018","2018-2019","201842070122","88.5625","7.524698914242349","100","74","","0","3","5","10"
"2018","2018-2019","201838090107","80.8235","6.758308995927093","92","69","","0","10","8","2"
"2018","2018-2019","201842070236","85.1250","7.30475016684349","93","71","","0","5","7","7"
"2018","2018-2019","201841070242","78.3333","7.803133273813084","90","63","","0","10","6","2"
"2018","2018-2019","201845070112","87.4118","7.685424122625679","99","72","","0","3","8","7"
"2018","2018-2019","201842070216","86.1250","8.076779989575053","97","67","","0","3","8","6"
"2018","2018-2019","201842070340","74.9375","15.868477990973174","92","31","微观经济学B","1","8","5","4"
"2018","2018-2019","201841070226","73.1333","13.622856610205591","93","43","大学英语（二）,概率论与数理统计A","2","8","5","3"
"2018","2018-2019","201845070109","80.6667","8.836791775802396","93","65","","0","8","5","5"
"2018","2018-2019","201840070116","81.4667","7.864406454964601","90","66","","0","5","10","2"
"2018","2018-2019","201846070322","83.6875","7.388494010960554","94","64","","0","4","12","3"
"2018","2018-2019","201841070134","73.3529","12.19421838158216","90","50","政治经济学,高等数学C（二）","2","9","7","2"
"2018","2018-2019","201845070121","80.6000","7.364781055808788","93","70","","0","8","8","3"
"2018","2018-2019","201841070137","71.4118","15.874725837482199","90","38","政治经济学,微观经济学A,高等数学C（二）","3","8","7","1"
"2018","2018-2019","201840070127","72.1875","15.665322969859254","90","32","高等数学C（二）,高等数学C（一）,高等数学C（一）（补）","3","6","8","1"
"2018","2018-2019","201842070335","86.0667","6.617821057988463","98","72","","0","3","9","7"
"2018","2018-2019","201841070209","80.1875","23.614663744165405","100","0","政治经济学,政治经济学（补考）","2","3","7","6"
"2018","2018-2019","201841070217","79.3333","9.406853293683753","93","66","","0","7","7","3"
"2018","2018-2019","201842070127","87.3125","5.730605879835045","98","74","","0","2","12","4"
"2018","2018-2019","201843070105","66.9375","16.524484674264432","90","33","高等数学C(一）,大学英语(二),概率论与数理统计A,高等数学C（二）","4","8","4","2"
"2018","2018-2019","201843070109","66.2667","20.00822053279324","90","0","微观经济学A,产业经济学","2","11","2","1"
"2018","2018-2019","201845070128","69.1667","15.805238231534364","93","42","管理学原理A,大学英语（一）,大学英语（二）,会计学,高等数学C（二）","5","9","5","2"
"2018","2018-2019","201843070129","78.4000","10.32666451474047","92","61","","0","6","7","3"
"2018","2018-2019","201842070110","86.1875","7.633959899685091","98","68","","0","4","8","6"
"2018","2018-2019","201842070119","86.5000","9.85520167221351","97","63","","0","3","7","8"
"2018","2018-2019","201841070228","79.5333","10.378610482890066","94","63","","0","7","5","4"
"2018","2018-2019","201870120207","84.6875","5.631593358011565","95","76","","0","6","10","3"
"2018","2018-2019","201842070350","75.8125","12.41077530817475","92","50","微观经济学B","1","9","6","3"
"2018","2018-2019","201842070330","83.6875","6.390605898504461","92","73","","0","6","9","5"
"2018","2018-2019","201844070218","63.9412","21.314095276118252","92","0","微观经济学B,微观经济学B(补),管理学原理A,大学生心理健康,高等数学C（二）","5","9","3","2"
"2018","2018-2019","201844070230","76.0667","9.49713407063181","94","60","","0","11","3","2"
"2018","2018-2019","201841070220","80.3333","8.26774186556133","92","62","","0","4","10","2"
"2018","2018-2019","201845070229","79.2941","8.790132876479122","90","60","","0","7","10","2"
"2018","2018-2019","201846070318","79.9375","10.139457270978562","96","61","","0","7","8","2"
"2018","2018-2019","201841070208","79.4375","9.604483002744086","91","55","政治经济学","1","5","9","3"
"2018","2018-2019","201844070108","76.7333","9.889163541753952","93","62","","0","8","6","2"
"2018","2018-2019","201846070310","82.5000","9.027735042633893","96","65","","0","7","8","5"
"2018","2018-2019","201844070208","77.8000","10.342146779078316","94","62","","0","9","5","3"
"2018","2018-2019","201845070217","80.0000","8.17771361689806","93","64","","0","6","9","2"
"2018","2018-2019","201840070124","72.8000","8.94576249777886","90","60","","0","12","4","1"
"2018","2018-2019","201846070323","81.1875","8.882699125265923","95","60","","0","7","9","4"
"2018","2018-2019","201840070123","72.3333","9.99444290037663","90","57","经济法B,财政学B（补）","2","11","6","1"
"2018","2018-2019","201846070312","81.6875","9.70643311160181","96","63","","0","7","4","6"
"2018","2018-2019","201841070212","71.9333","18.09039032807812","90","23","大学英语（二）,微观经济学A","2","8","7","2"
"2018","2018-2019","201840070125","72.7333","11.078307131005571","90","49","高等数学C（二）","1","10","5","1"
"2018","2018-2019","201842070134","81.1875","7.962558869484106","90","61","","0","5","11","2"
"2018","2018-2019","201841070234","75.2667","8.417970196087786","90","61","","0","11","4","1"
"2018","2018-2019","201842070243","63.8889","17.916128329552336","90","26","高等数学C（一）,管理学原理A,高等数学C（二）,线性代数,高等数学C（一）（补）","5","9","6","1"
"2018","2018-2019","201842070125","77.7500","10.59775919711332","91","46","线性代数","1","8","6","2"
"2018","2018-2019","201843070102","76.5000","10.851267207105352","92","53","管理会计MA","1","9","5","3"
"2018","2018-2019","201840070111","86.2667","6.339996494916661","95","72","","0","4","10","7"
"2018","2018-2019","201841070103","80.8235","10.661835699560793","91","50","政治经济学","1","3","12","4"
"2018","2018-2019","201842070104","86.0625","8.150680569743853","96","68","","0","3","10","6"
"2018","2018-2019","201846070305","83.0000","10.087120500916008","96","63","","0","7","4","7"
"2018","2018-2019","201845070222","81.5625","10.068321297515295","93","57","大学英语（二）","1","6","8","3"
"2018","2018-2019","201842070221","86.5882","7.195250259551633","100","75","","0","3","10","6"
"2018","2018-2019","201828010111","74.2353","8.67402757231377","90","61","","0","13","4","2"
"2018","2018-2019","201841070216","81.2667","9.226531790921705","92","60","","0","5","9","2"
"2018","2018-2019","201850080303","76.6250","9.917629505078319","90","56","管理会计","1","9","6","3"
"2018","2018-2019","201842070106","78.1250","8.731229867550159","91","65","","0","9","7","2"
"2018","2018-2019","201840070122","78.6667","8.904430857100799","94","60","","0","8","7","2"
"2018","2018-2019","201842070348","78.5882","14.138220303715789","92","36","微观经济学B","1","5","10","4"
"2018","2018-2019","201841070132","76.3750","8.752678161568603","90","61","","0","10","7","1"
"2018","2018-2019","201843070128","81.0714","7.0251007691225755","90","69","","0","7","9","2"
"2018","2018-2019","201842070145","78.3125","8.129566024702672","90","58","大学英语（二）","1","10","10","2"
"2018","2018-2019","201842070326","85.7647","9.390416966027","99","60","","0","4","6","9"
"2018","2018-2019","201863120109","76.0000","10.643970952941332","91","57","会计师与企业","1","10","6","3"
"2018","2018-2019","201842070308","80.2941","9.693932037058046","95","62","","0","7","11","4"
"2018","2018-2019","201842070101","75.4375","13.06698487601482","91","60","","0","9","5","5"
"2018","2018-2019","201843070122","84.0667","7.178362549278833","96","69","","0","4","10","5"
"2018","2018-2019","201842070126","79.9375","7.520544777474566","95","66","","0","9","8","2"
"2018","2018-2019","201742070326","73.5294","17.198213474451432","95","21","高等数学C（一）,大学英语（二）","2","7","7","3"
"2018","2018-2019","201842070222","77.2941","9.81454326576489","92","57","高等数学C（一）,高等数学C（一）（补）","2","10","8","2"
"2018","2018-2019","201840070102","80.7500","7.327175444876425","93","67","","0","8","7","3"
"2018","2018-2019","201842070139","77.2500","10.773230713207617","90","60","","0","8","8","2"
"2018","2018-2019","201846070217","86.8667","4.529410067056807","96","77","","0","1","11","4"
"2018","2018-2019","201842070210","77.7500","12.203995247458927","90","38","线性代数","1","6","10","1"
"2018","2018-2019","201843070125","83.2000","8.231646250902674","98","69","","0","6","8","5"
"2018","2018-2019","201816080206","84.6471","8.824705803932025","99","66","","0","4","10","5"
"2018","2018-2019","201845070110","83.8000","7.054076835419359","93","68","","0","3","10","4"
"2018","2018-2019","201843070203","73.7647","13.845914291246846","96","46","会计师与企业,微观经济学B","2","10","4","3"
"2018","2018-2019","201819040108","79.4118","11.287988532998575","96","54","会计师与企业","1","6","8","5"
"2018","2018-2019","201841070102","86.8750","6.97204238369217","100","73","","0","3","10","5"
"2018","2018-2019","201846070107","81.5000","9.246621004453464","91","61","","0","5","10","3"
"2018","2018-2019","201841070128","79.7500","9.249999999999998","91","60","","0","8","8","3"
"2018","2018-2019","201845070205","86.6875","6.752025159165214","95","75","","0","5","5","9"
"2018","2018-2019","201842070311","67.7368","26.518795926589913","92","0","微观经济学B,大学英语（一）（补）,高等数学C（一）（补）","3","8","5","4"
"2018","2018-2019","201840070207","83.8667","7.031990393116936","95","69","","0","5","9","4"
"2018","2018-2019","201841070229","72.2667","15.635287724318417","90","27","微观经济学A","1","9","6","2"
"2018","2018-2019","201831010102","78.4375","12.499843749023425","95","49","管理会计MA","1","8","6","5"
"2018","2018-2019","201846070329","79.5294","9.493760471450361","93","61","","0","8","6","4"
"2018","2018-2019","201846070213","86.0000","7.357535819371411","95","69","","0","2","9","6"
"2018","2018-2019","201844070206","79.6667","9.118966803073446","93","63","","0","7","7","3"
"2018","2018-2019","201846070304","80.6875","9.264979425233497","98","64","","0","9","7","4"
"2018","2018-2019","201843070123","84.0000","8.469553313683866","95","64","","0","3","10","4"
"2018","2018-2019","201845070130","73.1333","13.24067806252971","93","47","会计学,高等数学C（二）","2","9","4","2"
"2018","2018-2019","201846070216","85.4375","5.589820547209007","92","72","","0","3","11","5"
"2018","2018-2019","201843070107","76.6667","11.869662543176572","90","40","概率论与数理统计A","1","7","8","1"
"2018","2018-2019","201843070121","78.7143","9.26150690784613","91","64","","0","7","6","2"
"2018","2018-2019","201846070206","84.0625","8.756916908935475","94","60","","0","4","10","6"
"2018","2018-2019","201842070130","82.0000","12.221906561580317","97","52","大学英语（二）","1","4","9","6"
"2018","2018-2019","201843070126","80.0667","9.190333085488373","95","61","","0","6","8","2"
"2018","2018-2019","201831010308","87.5625","7.070791592884067","97","74","","0","3","7","7"
"2018","2018-2019","201841070143","65.7778","19.973748203177855","90","19","大学英语（一）,政治经济学,大学英语（二）,概率论与数理统计A,政治经济学（补考）,大学英语（一）（补考）","6","7","6","2"
"2018","2018-2019","201845070206","79.0000","9.828153061109326","91","60","","0","11","16","3"
"2018","2018-2019","201845070215","88.5625","6.745079224886838","98","75","","0","3","5","11"
"2018","2018-2019","201841070202","75.1333","10.84353365938531","90","49","概率论与数理统计A","1","9","6","2"
"2018","2018-2019","201855110109","73.2222","11.108332986024276","90","47","管理学原理A","1","12","6","1"
"2018","2018-2019","201846070209","85.0000","6.717514421272199","95","73","","0","3","11","5"
"2018","2018-2019","201843070232","75.1333","7.419493843173461","90","63","","0","11","4","1"
"2018","2018-2019","201842070323","86.2353","5.846360474333389","94","72","","0","3","12","8"
"2018","2018-2019","201845070119","79.7333","8.917897111364812","93","60","","0","9","6","3"
"2018","2018-2019","201846070109","83.3750","7.166545541612081","96","68","","0","5","10","4"
"2018","2018-2019","201843070220","77.0000","17.783887838902565","91","18","概率论与数理统计A","1","6","8","2"
"2018","2018-2019","201826060208","83.0000","6.566962768281849","94","70","","0","6","9","4"
"2018","2018-2019","201840070109","83.4706","9.419114777057926","100","64","","0","5","8","5"
"2018","2018-2019","201846070301","78.9375","7.933069629720894","90","65","","0","8","9","1"
"2018","2018-2019","201843070212","82.3333","7.8965533972458894","98","67","","0","7","9","4"
"2018","2018-2019","201841070123","78.8235","14.242584423926173","93","38","政治经济学,微观经济学A","2","4","9","5"
"2018","2018-2019","201847100107","68.6111","26.455704885480827","95","0","管理学原理（补考）,高等数学C（一）（补考）","2","9","4","4"
"2018","2018-2019","201840070103","86.0667","6.5976426766602705","95","76","","0","4","5","7"
"2018","2018-2019","201841070117","82.0625","8.034836261555055","93","65","","0","7","8","4"
"2018","2018-2019","201845070107","80.4667","9.42243186349587","95","60","","0","7","6","3"
"2018","2018-2019","201840070119","87.3333","9.644802860723606","98","62","","0","2","6","9"
"2018","2018-2019","201856110135","66.3500","13.521371971808186","90","32","管理学原理A,高等数学B（一）,大学英语（一）,高等数学B(二）","4","13","3","1"
"2018","2018-2019","201816080105","83.4118","7.738816017738202","95","69","","0","5","9","5"
"2018","2018-2019","201842070148","66.5500","15.493466364890716","90","35","管理学原理A,财政学B,思想道德修养及法律基础,财政学B（补）,思想道德修养及法律基础(补）","5","9","6","1"
"2018","2018-2019","201840070208","78.5333","10.019092884199756","92","60","","0","8","7","3"
"2018","2018-2019","201856110205","78.9412","8.376933232431952","91","61","","0","9","7","3"
"2018","2018-2019","201843070236","82.4667","8.995307418624199","97","66","","0","6","8","3"
"2018","2018-2019","201814170209","85.3125","5.94473243720859","95","73","","0","2","11","5"
"2018","2018-2019","201840070214","74.4444","27.32971972499743","94","0","管理学原理（补考）,高等数学C（一）（补考）","2","4","8","6"
"2018","2018-2019","201845070129","69.5000","11.656543226874765","90","50","大学英语（一）,大学英语（二）,高等数学C（二）","3","10","3","1"
"2018","2018-2019","201841070130","75.8750","10.629410849148696","91","60","","0","9","7","2"
"2018","2018-2019","201819040515","78.9375","10.225389662501865","94","60","","0","9","5","3"
"2018","2018-2019","201840070108","83.0625","7.594971609558525","96","66","","0","10","16","8"
"2018","2018-2019","201842070314","87.1176","7.7602482748425805","95","68","","0","3","8","10"
"2018","2018-2019","201843070103","54.0000","29.797231415015723","90","0","高等数学C(一）,高等数学C(一）(补）,大学英语(二),概率论与数理统计A,高等数学C（二）,产业经济学","6","7","3","1"
"2018","2018-2019","201845070113","68.4000","23.73689111909982","93","0","会计学,高等数学C（二）","2","8","5","3"
"2018","2018-2019","201843070215","74.9333","13.393862607760154","90","41","微观经济学A,概率论与数理统计A","2","6","7","2"
"2018","2018-2019","201841070218","87.0667","8.465354228986655","100","72","","0","4","6","6"
"2018","2018-2019","201842070114","76.6875","12.184615043159962","95","49","高等数学C（二）","1","7","8","2"
"2018","2018-2019","201845070228","81.1875","8.285670989726784","93","64","","0","6","7","4"
"2018","2018-2019","201842070245","72.5789","11.43087135543911","90","46","线性代数","1","13","6","1"
"2018","2018-2019","201842070151","72.6250","17.182385602703715","90","22","线性代数","1","7","8","1"
"2018","2018-2019","201850080403","80.0625","8.287556560892963","90","65","","0","8","9","3"
"2018","2018-2019","201843070106","76.8000","9.586101049609972","93","64","","0","9","5","2"
"2018","2018-2019","201842070108","83.4375","6.60462669270565","92","69","","0","4","11","3"
"2018","2018-2019","201843070120","58.4375","21.900253280498834","90","0","政治经济学,大学英语(二),概率论与数理统计A,高等数学C（二）,微观经济学A,产业经济学","6","8","2","1"
"2018","2018-2019","201844070220","68.9412","15.909562748586497","93","35","微观经济学B,微观经济学B(补),管理学原理A","3","9","4","2"
"2018","2018-2019","201843070104","77.4000","11.265285911447906","91","53","微观经济学A","1","7","7","2"
"2018","2018-2019","201842070246","58.3684","21.563152113869453","90","25","大学英语（一）,高等数学C（一）,管理学原理A,大学英语（二）,高等数学C（二）,高等数学C（一）（补）,管理学原理A（补）,大学英语（一）（补）","8","8","4","1"
"2018","2018-2019","201841070126","73.2500","15.217177793533203","90","26","微观经济学A","1","9","7","1"
"2018","2018-2019","201842070115","83.5000","6.585969936159746","95","69","","0","4","10","4"
"2018","2018-2019","201846070320","78.0000","9.00694176732591","90","61","","0","9","9","2"
"2018","2018-2019","201842070218","84.5625","8.62386767929564","92","66","","0","3","8","7"
"2018","2018-2019","201842070247","75.0625","13.979756569769018","90","30","线性代数","1","11","9","1"
"2018","2018-2019","201810010404","81.2500","10.046765648705058","96","61","","0","8","5","5"
"2018","2018-2019","201842070349","61.5789","27.334797159190188","92","0","高等数学C（二）,线性代数,微观经济学B,大学英语（一）（补）,高等数学C（一）（补）","5","9","3","3"
"2018","2018-2019","201841070105","80.1875","9.690322169566915","91","60","","0","6","9","2"
"2018","2018-2019","201843070118","81.4667","7.419493843173461","95","72","","0","7","7","4"
"2018","2018-2019","201846070121","86.8125","7.055306070610966","96","64","","0","2","11","7"
"2018","2018-2019","201846070317","84.7059","7.528492590953484","98","69","","0","4","12","5"
"2018","2018-2019","201842070128","80.9375","9.698380986020295","90","60","","0","5","12","2"
"2018","2018-2019","201842070305","73.0000","26.744404235180433","100","0","大学英语（一）（补）,高等数学C（一）（补）","2","7","8","6"
"2018","2018-2019","201842070231","87.1250","7.2186823589904545","97","69","","0","2","8","7"
"2018","2018-2019","201842070213","80.8750","10.349365922606077","98","62","","0","8","6","5"
"2018","2018-2019","201846070220","84.9412","6.628553104786578","93","73","","0","5","11","4"
"2018","2018-2019","201842070137","77.5882","10.358621436382533","95","56","管理会计","1","11","3","4"
"2018","2018-2019","201846070234","80.8750","8.88028011945569","92","64","","0","7","7","3"
"2018","2018-2019","201842070234","71.6471","17.235193735905224","95","30","高等数学C（一）,高等数学C（一）（补）,线性代数","3","8","6","2"
"2018","2018-2019","201841070121","78.1250","9.23224647634583","91","61","","0","9","8","3"
"2018","2018-2019","201843070138","75.7333","11.34587541306923","96","60","","0","9","4","3"
"2018","2018-2019","201840070120","77.0000","12.124355652982137","92","50","高等数学C（一）","1","8","8","2"
"2018","2018-2019","201845070132","77.3333","8.529686720833041","93","64","","0","9","6","2"
"2018","2018-2019","201844070131","63.2941","25.404410700604387","90","0","高等数学C（二）,大学英语（一）（补考）,微观经济学B（补考）","3","11","4","2"
"2018","2018-2019","201846070207","83.6471","6.961585151391111","97","71","","0","5","10","4"
"2018","2018-2019","201840070105","82.9333","8.433794453796517","96","65","","0","4","9","5"
"2018","2018-2019","201842070103","86.5000","8.616843969807043","96","65","","0","4","8","7"
"2018","2018-2019","201842070102","77.8125","9.488274013222847","91","60","","0","8","7","2"
"2018","2018-2019","201842070118","84.1875","8.25544328004257","96","67","","0","5","8","6"
"2018","2018-2019","201844070210","85.3333","8.41955396021006","94","66","","0","3","6","7"
"2018","2018-2019","201844070204","78.9375","6.358741522502703","90","71","","0","10","7","2"
"2018","2018-2019","201841070113","78.3125","8.371967734648766","92","65","","0","8","8","2"
"2018","2018-2019","201861120137","70.1579","14.861689207293455","92","42","高等数学C（一）,管理学原理A,会计师与企业,大学英语（二）,管理会计MA","5","7","5","3"
"2018","2018-2019","201844070229","72.8667","20.68450842753796","90","0","信息管理与信息系统专业导论","1","9","6","2"
"2018","2018-2019","201821030602","78.2500","10.784827305061501","95","56","微观经济学B","1","8","5","4"
"2018","2018-2019","201840070101","83.8000","8.304215796810675","95","66","","0","6","7","5"
"2018","2018-2019","201840070106","82.9333","7.861014918924629","92","69","","0","6","7","5"
"2018","2018-2019","201844070223","79.6000","9.04654630231891","95","62","","0","7","7","4"
"2018","2018-2019","201842070120","84.1176","5.400243490601649","94","74","","0","4","11","3"
"2018","2018-2019","201844070207","75.2000","13.09554631671903","100","60","","0","9","3","3"
"2018","2018-2019","201845070216","84.1875","7.69105608808049","94","68","","0","5","8","7"
"2018","2018-2019","201841070101","76.0000","10.386643006341195","90","54","政治经济学","1","8","8","2"
"2018","2018-2019","201841070119","84.6250","6.725650526157304","94","72","","0","3","10","4"
"2018","2018-2019","201841070133","80.0000","8.81050509335305","93","63","","0","7","9","4"
"2018","2018-2019","201846070223","89.0000","4.6904157598234315","98","81","","0","0","10","7"
"2018","2018-2019","201842070319","81.1250","9.102712507818755","94","63","","0","8","5","5"
"2018","2018-2019","201841070213","82.3125","10.46851678844716","98","64","","0","6","7","5"
"2018","2018-2019","201840070201","75.4000","9.652633492127077","93","60","","0","10","5","2"
"2018","2018-2019","201845070211","82.2500","8.089344843681719","98","70","","0","7","7","4"
"2018","2018-2019","201846070211","61.9444","19.0801590437764","90","23","高等数学C（一）,管理会计,高等数学C（二）,财务会计,高等数学C（一）（补考）","5","10","3","2"
"2018","2018-2019","201846070102","80.4375","7.149901660162886","94","66","","0","8","9","2"
"2018","2018-2019","201820110204","74.9412","9.090852469153647","90","62","","0","11","6","1"
"2017","2018-2019","201744070130","87.8333","6.422616289332562","99","76","","0","3","9","8"
"2018","2018-2019","201846070307","73.1250","10.005467255455887","92","60","","0","12","4","2"
"2018","2018-2019","201840070118","76.9333","10.023084466481475","90","60","","0","9","8","2"
"2018","2018-2019","201841070122","77.7500","12.018215341721914","92","51","大学英语（二）,高等数学C（二）","2","7","6","4"
"2018","2018-2019","201846070201","84.3125","9.312080527465387","99","64","","0","6","6","7"
"2018","2018-2019","201844070116","87.6250","8.184398267435428","99","71","","0","4","6","8"
"2018","2018-2019","201842070141","82.9375","8.466616428656728","91","65","","0","5","8","6"
"2018","2018-2019","201842070143","84.8125","8.847448431610099","100","67","","0","4","8","6"
"2018","2018-2019","201840070204","61.9375","27.562358276279628","90","0","高等数学C(一),微观经济学B,大学英语(二),高等数学C(一)(补)","4","10","6","1"
"2018","2018-2019","201842070317","72.7895","26.587648393406536","97","0","大学英语（一）（补）,高等数学C（一）（补）","2","7","8","4"
"2018","2018-2019","201841070109","81.3750","9.068317098558031","92","63","","0","6","8","4"
"2018","2018-2019","201841070233","79.2941","8.071479971314783","90","60","","0","9","9","2"
"2018","2018-2019","201840070117","69.5625","14.212532981492076","90","31","高等数学C（二）,微观经济学B","2","11","4","1"
"2018","2018-2019","201840070202","81.2667","7.316343956436774","90","69","","0","7","9","2"
"2018","2018-2019","201842070242","73.2500","13.543910070581537","90","36","线性代数","1","8","8","1"
"2018","2018-2019","201842070147","86.2500","7.284401142166734","98","70","","0","2","9","6"
"2018","2018-2019","201826060129","76.2500","9.646890690787368","95","60","","0","11","5","2"
"2018","2018-2019","201843070214","88.0667","6.381918903346304","98","78","","0","3","8","6"
"2018","2018-2019","201843070131","72.2667","16.039395943183838","92","21","概率论与数理统计A","1","10","3","2"
"2018","2018-2019","201844070227","78.8667","10.61361808663233","96","60","","0","8","5","3"
"2018","2018-2019","201846070115","77.6875","8.144927485865052","91","66","","0","9","7","2"
"2018","2018-2019","201843070111","73.4667","15.173954293093441","92","31","概率论与数理统计A","1","7","6","2"
"2018","2018-2019","201846070221","81.2500","9.297176990893528","91","66","","0","6","8","4"
"2018","2018-2019","201843070119","75.6000","9.40070919310524","90","60","","0","8","7","1"
"2018","2018-2019","201843070136","69.0000","21.484878403193264","90","0","微观经济学A,产业经济学","2","8","5","2"
"2018","2018-2019","201840070112","80.5333","5.771962885843563","90","70","","0","7","9","1"
"2018","2018-2019","201841070129","69.4118","18.33370032137671","90","30","高等数学C（一）,概率论与数理统计A,高等数学C（二）,高等数学C（一）（补考）","4","7","7","2"
"2018","2018-2019","201845070214","82.5625","6.900803848103491","93","67","","0","6","8","4"
"2018","2018-2019","201841070104","82.8235","9.660320869824071","92","54","政治经济学","1","4","10","6"
"2018","2018-2019","201841070214","80.4667","8.670768260207524","93","66","","0","7","7","3"
"2018","2018-2019","201843070132","74.7333","14.84797030648372","90","39","概率论与数理统计A,微观经济学A","2","6","7","1"
"2018","2018-2019","201861120127","83.8750","9.313129173376689","97","72","","0","8","3","7"
"2018","2018-2019","201830010406","88.0000","6.946221994724902","96","73","","0","2","7","9"
"2018","2018-2019","201845070209","77.3125","13.940582618743019","97","36","中国近代史纲要","1","8","6","4"
"2018","2018-2019","201845070203","85.0000","7.288689868556622","99","70","","0","4","9","6"
"2018","2018-2019","201840070219","75.3750","22.053556969341706","95","0","管理学原理A","1","7","6","5"
"2018","2018-2019","201842070304","63.6842","27.216582854419254","96","0","微观经济学B,高等数学C（一）,高等数学C（二）,线性代数,高等数学C（一）（补）,微观经济学B（补）","6","6","7","2"
"2018","2018-2019","201844070231","59.3889","16.35759724575468","92","36","大学英语（一）,大学英语（一）（补）,微观经济学B,微观经济学B(补),管理学原理A,思想道德修养及法律基础,大学英语（二）,高等数学C（二）,宏观经济学B","9","7","1","2"
"2018","2018-2019","201843070217","79.8667","8.515606587645738","94","66","","0","7","7","2"
"2018","2018-2019","201846070225","79.4375","9.993552609057502","94","61","","0","7","9","2"
"2018","2018-2019","201842070233","71.2353","17.615265477836864","90","33","高等数学C（一）,高等数学C（一）（补）,大学英语（二）,微观经济学B","4","6","10","1"
"2018","2018-2019","201841070231","58.4211","28.49619695673845","90","0","政治经济学,微观经济学A,概率论与数理统计A,大学英语（一）（补考）,高等数学C（一）（补考）,数据库管理系统（补考）","6","10","5","1"
"2018","2018-2019","201846070229","83.1250","6.660283402378614","90","67","","0","3","14","1"
"2018","2018-2019","201846070339","77.7500","10.842624221100717","95","56","大学英语(二)","1","7","8","2"
"2018","2018-2019","201846070325","87.1875","5.11393622858166","95","76","","0","2","9","7"
"2018","2018-2019","201846070128","80.5000","8.94427190999916","91","61","","0","6","9","2"
"2018","2018-2019","201846070230","63.5000","22.22329858504358","90","0","管理学原理A,高等数学C(一),线性代数,财政学B","4","8","5","1"
"2018","2018-2019","201846070127","82.2500","8.728545125048042","94","63","","0","5","9","4"
"2018","2018-2019","201846070138","76.7500","12.32629303562105","90","42","线性代数","1","8","7","1"
"2018","2018-2019","201846070231","79.1875","10.690058173368374","90","56","大学英语(二)","1","5","10","1"
"2018","2018-2019","201846070129","78.8125","9.159822255371552","91","65","","0","9","7","2"
"2018","2018-2019","201846070328","79.6250","9.841716059712349","90","55","大学英语(二)","1","6","10","1"
"2018","2018-2019","201841070135","51.1111","29.457858579651806","90","0","大学英语（一）,高等数学C（一）,微观经济学A,大学生心理健康,大学英语（二）,数据库管理系统,高等数学C（一）（补考）","7","10","5","1"
"2018","2018-2019","201819040405","79.3529","8.316823322219271","91","61","","0","9","9","2"
"2018","2018-2019","201846070226","80.1875","7.883675776565143","95","68","","0","8","8","2"
"2018","2018-2019","201843070238","47.8750","33.95194213885267","90","0","产业经济学,高等数学C(一),高等数学C一（补）,高等数学C（二）,大学英语(二),概率论与数理统计A","6","6","4","1"
"2018","2018-2019","201846070327","78.9375","10.685672358349754","97","60","","0","7","8","3"
"2018","2018-2019","201845070218","84.0625","6.358741522502704","97","73","","0","6","11","4"
"2018","2018-2019","201843070139","73.5333","20.851432138398128","92","0","产业经济学","1","7","6","2"
"2018","2018-2019","201846070205","82.4000","8.244594188517308","94","70","","0","7","7","5"
"2018","2018-2019","201844070215","78.8000","9.613878856458859","93","65","","0","8","5","3"
"2018","2018-2019","201846070227","82.1875","8.427772170034025","93","61","","0","5","10","4"
"2018","2018-2019","201846070131","76.5625","10.1855826416558","90","60","","0","9","8","1"
"2018","2018-2019","201840070226","76.5333","7.906677908929612","90","62","","0","11","6","1"
"2018","2018-2019","201814170316","80.1667","13.01814972345234","93","36","大学英语（一）","1","8","8","5"
"2018","2018-2019","201846070326","75.4375","10.547326379229952","90","53","微观经济学B","1","10","7","1"
"2018","2018-2019","201845070120","78.8235","8.424301640580534","90","61","","0","10","7","2"
"2018","2018-2019","201846070139","70.4375","16.988852043325352","93","38","高等数学C(一),微观经济学B,高等数学C(二),线性代数","4","6","5","3"
"2018","2018-2019","201843070127","82.1765","8.958960641645142","96","67","","0","5","8","5"
"2018","2018-2019","201846070202","75.9412","11.264053121925695","91","54","管理学原理A","1","8","7","2"
"2018","2018-2019","201830010507","89.4706","6.427126766877148","99","77","","0","3","8","10"
"2018","2018-2019","201821030832","86.7059","9.329048283105413","100","64","","0","4","8","8"
"2018","2018-2019","201846070239","75.6875","11.676465379129079","90","48","线性代数","1","8","8","1"
"2018","2018-2019","201846070125","74.3750","9.22547424255252","90","62","","0","10","7","1"
"2018","2018-2019","201846070238","74.8125","10.560650725689205","90","60","","0","9","7","1"
"2018","2018-2019","201845070213","75.9412","10.98378799030266","93","55","管理学原理A","1","9","5","3"
"2018","2018-2019","201843070219","77.1333","9.386988630841925","90","60","","0","8","7","3"
"2018","2018-2019","201846070232","76.9375","11.486234968430692","90","48","线性代数","1","8","8","2"
"2018","2018-2019","201840070224","76.0667","11.269230477523989","90","52","高等数学C(二)","1","8","7","2"
"2018","2018-2019","201840070228","75.4667","22.150595677969676","92","0","高等数学C(二)","1","6","9","2"
"2018","2018-2019","201846070306","81.1250","7.777170115151138","90","60","","0","7","10","4"
"2018","2018-2019","201840070222","70.8125","12.610604416521833","90","39","大学英语(一),大学英语(二)","2","11","5","1"
"2018","2018-2019","201842070310","86.1250","7.532222447591412","96","66","","0","2","9","6"
"2018","2018-2019","201843070224","71.1333","16.24752972676838","90","25","高等数学C（二）,概率论与数理统计A","2","8","5","1"
"2018","2018-2019","201845070207","77.1250","7.490619133289319","93","64","","0","13","4","2"
"2018","2018-2019","201842070142","75.6667","10.024414640710393","94","60","","0","11","4","2"
"2018","2018-2019","201842070116","80.5000","10.954451150103322","95","44","大学英语（二）","1","7","13","3"
"2018","2018-2019","201843070237","51.5882","26.393089165714244","90","0","大学英语（一）,产业经济学,微观经济学A,高等数学C(一),高等数学C一（补）,高等数学C（二）,管理学原理A,大学英语(二),概率论与数理统计A","9","5","3","1"
"2018","2018-2019","201843070234","79.5333","11.289326325733034","94","60","","0","7","6","5"
"2018","2018-2019","201843070239","72.9333","9.60185167327404","90","54","微观经济学A","1","10","4","1"
"2018","2018-2019","201846070132","82.5625","6.441746172428715","96","66","","0","6","12","2"
"2018","2018-2019","201841070131","54.3333","26.476404589747457","90","0","中国近现代史纲要,高等数学C（一）,政治经济学,微观经济学A,大学英语（二）,高等数学C（二）,政治经济学（补考）","7","8","3","1"
"2018","2018-2019","201843070213","79.5333","9.891859728528747","93","49","概率论与数理统计A","1","5","8","2"
"2018","2018-2019","201846070330","76.5000","9.246621004453463","90","61","","0","9","7","1"
"2018","2018-2019","201810010126","80.5625","11.704533042800128","96","57","大学英语（二）","1","7","3","7"
"2018","2018-2019","201843070222","74.4000","11.383028302404126","90","41","概率论与数理统计A","1","10","5","1"
"2018","2018-2019","201842070224","84.2941","9.429395251535944","95","61","","0","5","6","7"
"2018","2018-2019","201841070124","79.2500","7.198090024443986","91","63","","0","9","7","2"
"2018","2018-2019","201843070137","79.3333","9.57543152494387","95","63","","0","8","6","3"
"2018","2018-2019","201845070220","71.2941","15.877341257210661","93","37","高等数学C（一）,大学英语（二）,高等数学C（二）,高等数学C（一）（补）","4","7","5","2"
"2018","2018-2019","201845070201","82.9375","10.29847531190904","97","55","大学英语（二）","1","5","7","5"
"2018","2018-2019","201842070217","81.0000","11.335784048754634","98","60","","0","6","7","4"
"2018","2018-2019","201845070126","60.4706","21.461641971772977","90","21","管理学原理A,高等数学C（一）,大学英语（一）,大学英语（一）（补）,大学英语（二）,微观经济学B,会计学,高等数学C（二）","8","6","6","1"
"2018","2018-2019","201844070105","69.1875","20.88725314037248","92","0","微观经济学B,微观经济学B（补考）","2","11","3","2"
"2018","2018-2019","201846070324","84.6875","7.982157837953341","98","68","","0","4","9","6"
"2018","2018-2019","201845070212","73.0000","12.676982383554105","93","48","高等数学C（二）","1","10","6","2"
"2018","2018-2019","201866050209","76.5294","10.650145798829806","96","61","","0","12","3","4"
"2018","2018-2019","201845070233","71.0000","14.332193297115495","93","44","大学英语（一）,大学英语（二）,高等数学C（二）,大学英语（一）（补）","4","8","5","2"
"2018","2018-2019","201821030305","87.1765","7.702064613333133","97","72","","0","4","6","9"
"2018","2018-2019","201843070205","41.5000","35.26683994916471","90","0","产业经济学,微观经济学A,高等数学C(一),高等数学C一（补）,高等数学C（二）,管理学原理A,大学生心理健康,大学英语(二),概率论与数理统计A","9","5","3","1"
"2018","2018-2019","201845070226","78.0000","10.69462481810372","95","60","","0","9","7","2"
"2018","2018-2019","201845070104","74.4000","14.871897435543769","93","32","高等数学C（二）","1","9","4","3"
"2018","2018-2019","201841070110","82.7059","8.165672090651297","94","70","","0","7","6","5"
"2018","2018-2019","201842070324","79.2941","7.489323427247875","91","63","","0","10","7","3"
"2018","2018-2019","201846070333","81.8750","8.335728822364604","92","64","","0","6","10","3"
"2018","2018-2019","201846070130","79.7500","9.463746615373852","90","63","","0","7","9","3"
"2018","2018-2019","201845070227","71.9412","21.561050362483826","93","0","管理学原理A,管理学原理A（补）","2","8","7","4"
"2018","2018-2019","201845070204","83.0625","7.925187300625772","93","60","","0","7","9","5"
"2018","2018-2019","201841070239","68.9375","17.707585768534344","90","24","政治经济学,大学英语（二）,微观经济学A,概率论与数理统计A","4","8","5","3"
"2018","2018-2019","201841070240","66.2941","22.108727863693673","90","0","政治经济学,大学英语（一）,数据库管理系统,大学英语（一）（补考）","4","9","7","2"
"2018","2018-2019","201846070228","76.3750","11.531885145109623","90","59","微观经济学B","1","8","7","3"
"2018","2018-2019","201841070201","70.5625","15.431172792435447","91","40","政治经济学,大学英语（二）,概率论与数理统计A,高等数学C（二）","4","6","5","2"
"2018","2018-2019","201845070208","79.3750","9.239013746066188","96","64","","0","10","5","4"
"2018","2018-2019","201845070124","63.7778","18.54290986260893","93","30","管理学原理A,高等数学C（一）,大学英语（一）,高等数学C（一）（补),大学英语（一）（补）,大学英语（二）,会计学,思想道德修养与法律基础","8","7","4","2"
"2018","2018-2019","201855110118","63.3333","15.666666666666668","90","33","高等数学B（一）,会计学原理A,微观经济学A,高等数学B(二）,高等数学B（一）（补）","5","10","4","1"
"2018","2018-2019","201845070219","79.3125","11.262319643394958","93","48","高等数学C（二）","1","7","8","3"
"2018","2018-2019","201845070210","85.7500","6.6848709785604665","95","72","","0","4","9","5"
"2018","2018-2019","201841070222","60.4211","34.165719645457","92","0","微观经济学A,大学英语（一）（补考）,政治经济学（补考）,高等数学C（一）（补考）,数据库管理系统（补考）","5","6","6","4"
"2018","2018-2019","201844070102","77.3125","21.265343725178766","94","0","微观经济学B","1","7","5","5"
"2018","2018-2019","201842070144","68.7222","14.517443743287114","98","43","高等数学C（一）,大学英语（二）,高等数学C（二）,高等数学C（一）补考","4","10","4","2"
"2018","2018-2019","201845070221","75.0588","12.963616907398928","94","44","管理学原理A,高等数学C（二）","2","10","6","3"
"2018","2018-2019","201845070230","72.8235","13.608973225380925","93","41","大学英语（一）,高等数学C（二）","2","10","6","3"
"2018","2018-2019","201846070331","74.1250","14.220913296972173","90","35","高等数学C(二)","1","7","8","1"
"2018","2018-2019","201806040132","77.5294","10.37597704575233","96","57","会计师与企业","1","10","6","4"
"2018","2018-2019","201843070135","77.5000","10.062305898749054","96","62","","0","10","4","3"
"2018","2018-2019","201823060204","76.3529","12.625563127665137","96","55","会计师与企业,会计师与企业 (补考）","2","8","6","4"
"2018","2018-2019","201841070238","52.5000","28.85837063237555","91","0","政治经济学,高等数学C(一）,大学英语（二）,微观经济学A,数据库管理系统,概率论与数理统计A,高等数学C（二）,高等数学C（一）（补考）,数据库管理系统（补考）","9","6","3","2"
"2018","2018-2019","201846070126","79.0625","8.503445992654974","90","60","","0","7","9","1"
"2018","2018-2019","201844070129","80.4000","8.38888153053393","93","63","","0","7","6","3"
"2018","2018-2019","201844070000","50.4000","8","60","50","","5","9","0","0"
